Username,Issue,PR-author,BugReport-author,Commented,Reviewer,Fix-type,Pattern-Structure,Downstream-driven-fix,Scenario
bthirion,joblib/joblib#105,False,True,True,False,PF8,PS1,False,3
ogrisel,joblib/joblib#105,False,False,True,False,PF8,PS1,False,3
GaelVaroquaux,joblib/joblib#105,False,False,True,False,PF8,PS1,False,3
ogrisel,joblib/joblib#106,True,False,True,False,PF8,PS1,False,3
GaelVaroquaux,joblib/joblib#106,False,False,True,False,PF8,PS1,False,3
amueller,scikit-learn/scikit-learn#1565,False,True,True,False,PF8,PS1,False,3
aboSamoor,scikit-learn/scikit-learn#1565,False,False,True,False,PF8,PS1,False,3
kyleabeauchamp,scikit-learn/scikit-learn#1565,False,False,True,False,PF8,PS1,False,3
viveksck,scikit-learn/scikit-learn#1565,False,False,True,False,PF8,PS1,False,3
ogrisel,scikit-learn/scikit-learn#1565,False,False,True,False,PF8,PS1,False,3
dan-blanchard,scikit-learn/scikit-learn#1565,False,False,True,False,PF8,PS1,False,3
ogrisel,scikit-learn/scikit-learn#2756,True,False,False,False,PF8,PS1,False,3
mdboom,numpy/numpy#4709,False,True,True,False,PF4,PS1,True,12
njsmith,numpy/numpy#4709,False,False,True,False,PF4,PS1,True,12
pv,numpy/numpy#4709,False,False,True,False,PF4,PS1,True,12
seberg,numpy/numpy#4709,False,False,True,False,PF4,PS1,True,12
abalkin,numpy/numpy#4709,False,False,True,False,PF4,PS1,True,12
mattip,numpy/numpy#4709,False,False,True,False,PF4,PS1,True,12
pv,numpy/numpy#4711,True,False,False,False,PF4,PS1,True,12
juliantaylor,numpy/numpy#4711,False,False,True,False,PF4,PS1,True,12
seberg,numpy/numpy#4711,False,False,True,False,PF4,PS1,True,12
astrofrog,astropy/astropy#2483,False,True,True,False,PF4,PS1,True,12
mdboom,astropy/astropy#2483,False,False,True,False,PF4,PS1,True,12
pv,astropy/astropy#2483,False,False,True,False,PF4,PS1,True,12
eteq,astropy/astropy#2483,False,False,True,False,PF4,PS1,True,12
mhvk,astropy/astropy#2483,False,False,True,False,PF4,PS1,True,12
mwcraig,astropy/astropy#2483,False,False,True,False,PF4,PS1,True,12
mhvk,astropy/astropy#2927,True,False,True,False,PF4,PS1,True,12
astrofrog,astropy/astropy#2927,False,False,True,False,PF4,PS1,True,12
foogod,numpy/numpy#4655,False,True,False,False,PF6,PS1,False,22
juliantaylor,numpy/numpy#4655,False,False,True,False,PF6,PS1,False,22
foogod,numpy/numpy#4656,True,False,True,False,PF6,PS1,False,22
charris,numpy/numpy#4656,False,False,True,False,PF6,PS1,False,22
juliantaylor,numpy/numpy#4656,False,False,True,False,PF6,PS1,False,22
njsmith,numpy/numpy#4656,False,False,True,False,PF6,PS1,False,22
seberg,numpy/numpy#4656,False,False,True,False,PF6,PS1,False,22
foogod,scipy/scipy#3596,False,True,True,False,PF6,PS1,False,22
rgommers,scipy/scipy#3596,False,False,True,False,PF6,PS1,False,22
endolith,scipy/scipy#3596,False,False,True,False,PF6,PS1,False,22
foogod,scipy/scipy#3647,True,False,True,False,PF6,PS1,False,22
endolith,scipy/scipy#3647,False,False,True,False,PF6,PS1,False,22
pv,scipy/scipy#3647,False,False,True,False,PF6,PS1,False,22
rgommers,numpy/numpy#6120,False,True,True,False,PF6,PS1,False,26
jaimefrio,numpy/numpy#6120,False,False,True,False,PF6,PS1,False,26
nayyarv,numpy/numpy#6120,False,False,True,False,PF6,PS1,False,26
astrofrog,numpy/numpy#6120,False,False,True,False,PF6,PS1,False,26
charris,numpy/numpy#6120,False,False,True,False,PF6,PS1,False,26
astrofrog,numpy/numpy#6126,True,False,True,False,PF6,PS1,False,26
jaimefrio,numpy/numpy#6126,False,False,True,False,PF6,PS1,False,26
nayyarv,numpy/numpy#6126,False,False,True,False,PF6,PS1,False,26
rgommers,scipy/scipy#5173,False,True,True,False,PF6,PS1,False,26
rgommers,scipy/scipy#5387,True,False,True,False,PF6,PS1,False,26
rheber,codemirror/codemirror5#3009,False,True,False,False,PF2,PS1,False,11
marijnh,codemirror/codemirror5#3009,False,False,True,False,PF2,PS1,False,11
mathieu1,ipython/ipython#7395,False,True,False,False,PF2,PS1,False,11
juhasch,ipython/ipython#7395,False,False,True,False,PF2,PS1,False,11
Carreau,ipython/ipython#7395,False,False,True,False,PF2,PS1,False,11
ellisonbg,ipython/ipython#7395,False,False,True,False,PF2,PS1,False,11
Carreau,ipython/ipython#7414,True,False,False,False,PF2,PS1,False,11
damianavila,ipython/ipython#7414,False,False,True,False,PF2,PS1,False,11
seberg,numpy/numpy#2735,False,True,True,False,PF4,PS1,True,49
charris,numpy/numpy#2735,False,False,True,False,PF4,PS1,True,49
GaelVaroquaux,numpy/numpy#2735,False,False,True,False,PF4,PS1,True,49
stefanv,numpy/numpy#2735,False,False,True,False,PF4,PS1,True,49
erg,numpy/numpy#2735,False,False,True,False,PF4,PS1,True,49
njsmith,numpy/numpy#2735,False,False,True,False,PF4,PS1,True,49
nouiz,numpy/numpy#2735,False,False,True,False,PF4,PS1,True,49
pv,numpy/numpy#2735,False,False,True,False,PF4,PS1,True,49
seberg,numpy/numpy#3162,True,False,True,False,PF4,PS1,True,49
njsmith,numpy/numpy#3162,False,False,True,False,PF4,PS1,True,49
erg,scikit-learn/scikit-learn#1406,False,True,True,False,PF4,PS1,True,49
mblondel,scikit-learn/scikit-learn#1406,False,False,True,False,PF4,PS1,True,49
pprett,scikit-learn/scikit-learn#1406,False,False,True,False,PF4,PS1,True,49
amueller,scikit-learn/scikit-learn#1406,False,False,True,False,PF4,PS1,True,49
ogrisel,scikit-learn/scikit-learn#1406,False,False,True,False,PF4,PS1,True,49
GaelVaroquaux,scikit-learn/scikit-learn#1406,False,False,True,False,PF4,PS1,True,49
seberg,scikit-learn/scikit-learn#1406,False,False,True,False,PF4,PS1,True,49
glouppe,scikit-learn/scikit-learn#1406,False,False,True,False,PF4,PS1,True,49
seberg,scikit-learn/scikit-learn#1458,True,False,True,False,PF4,PS1,True,49
amueller,scikit-learn/scikit-learn#1458,False,False,True,False,PF4,PS1,True,49
larsmans,scikit-learn/scikit-learn#1458,False,False,True,False,PF4,PS1,True,49
GaelVaroquaux,scikit-learn/scikit-learn#1458,False,False,True,False,PF4,PS1,True,49
pprett,scikit-learn/scikit-learn#1458,False,False,True,False,PF4,PS1,True,49
glouppe,scikit-learn/scikit-learn#1458,False,False,True,False,PF4,PS1,True,49
wiredfool,python-pillow/Pillow#350,False,True,True,False,PF4,PS1,True,60
cgohlke,python-pillow/Pillow#350,False,False,True,False,PF4,PS1,True,60
aclark4life,python-pillow/Pillow#350,False,False,True,False,PF4,PS1,True,60
pv,python-pillow/Pillow#350,False,False,True,False,PF4,PS1,True,60
matthew-brett,python-pillow/Pillow#350,False,False,True,False,PF4,PS1,True,60
matthew-brett,python-pillow/Pillow#2058,True,False,True,False,PF4,PS1,True,60
homm,python-pillow/Pillow#2058,False,False,True,False,PF4,PS1,True,60
dpantele,scipy/scipy#2138,False,False,True,False,PF4,PS1,True,60
stefanv,scipy/scipy#2138,False,False,True,False,PF4,PS1,True,60
charris,scipy/scipy#2138,False,False,True,False,PF4,PS1,True,60
rgommers,scipy/scipy#2138,False,False,True,False,PF4,PS1,True,60
pv,scipy/scipy#2138,False,False,True,False,PF4,PS1,True,60
WarrenWeckesser,scipy/scipy#2138,False,False,True,False,PF4,PS1,True,60
WarrenWeckesser,scipy/scipy#5289,True,False,True,False,PF4,PS1,True,60
matthew-brett,scipy/scipy#5289,False,False,True,False,PF4,PS1,True,60
rgommers,scipy/scipy#5289,False,False,True,False,PF4,PS1,True,60
charris,numpy/numpy#2410,False,False,True,False,PF6,PS1,False,65
seberg,numpy/numpy#2410,False,False,True,False,PF6,PS1,False,65
saimn,numpy/numpy#2410,False,False,True,False,PF6,PS1,False,65
mhvk,numpy/numpy#2410,False,False,True,False,PF6,PS1,False,65
embray,numpy/numpy#5982,True,False,True,False,PF6,PS1,False,65
charris,numpy/numpy#5982,False,False,True,False,PF6,PS1,False,65
mhvk,numpy/numpy#5982,False,False,True,False,PF6,PS1,False,65
mhvk,astropy/astropy#3854,False,True,True,False,PF6,PS1,False,65
astrofrog,astropy/astropy#3854,False,False,True,False,PF6,PS1,False,65
embray,astropy/astropy#3854,False,False,True,False,PF6,PS1,False,65
charris,astropy/astropy#3854,False,False,True,False,PF6,PS1,False,65
ahaldane,astropy/astropy#3854,False,False,True,False,PF6,PS1,False,65
embray,astropy/astropy#4228,True,False,True,False,PF6,PS1,False,65
astrofrog,astropy/astropy#4228,False,False,True,False,PF6,PS1,False,65
mhvk,astropy/astropy#4228,False,False,True,False,PF6,PS1,False,65
jdfreder,codemirror/codemirror5#2410,False,True,True,False,PF6,PS1,False,69
marijnh,codemirror/codemirror5#2410,False,False,True,False,PF6,PS1,False,69
nicbou,codemirror/codemirror5#2410,False,False,True,False,PF6,PS1,False,69
samwhitehall,ipython/ipython#5135,False,True,False,False,PF6,PS1,False,69
jdfreder,ipython/ipython#5135,False,False,True,False,PF6,PS1,False,69
jdfreder,ipython/ipython#5479,True,False,True,False,PF6,PS1,False,69
ellisonbg,ipython/ipython#5479,False,False,True,False,PF6,PS1,False,69
ev-br,scipy/scipy#3330,False,True,True,False,PF6,PS1,False,61
pv,scipy/scipy#3330,False,False,True,False,PF6,PS1,False,61
rgommers,scipy/scipy#3330,False,False,True,False,PF6,PS1,False,61
jnothman,scipy/scipy#3330,False,False,True,False,PF6,PS1,False,61
pv,scipy/scipy#3408,True,False,False,False,PF6,PS1,False,61
rgommers,scipy/scipy#3408,False,False,True,False,PF6,PS1,False,61
ogrisel,scikit-learn/scikit-learn#2663,False,True,True,False,PF8,PS1,False,75
dengemann,scikit-learn/scikit-learn#2663,False,False,True,False,PF8,PS1,False,75
agramfort,scikit-learn/scikit-learn#2663,False,False,True,False,PF8,PS1,False,75
agramfort,scikit-learn/scikit-learn#2664,True,False,True,False,PF8,PS1,False,75
ogrisel,scikit-learn/scikit-learn#2664,False,False,True,False,PF8,PS1,False,75
dengemann,scikit-learn/scikit-learn#2664,False,False,True,False,PF8,PS1,False,75
jnothman,scikit-learn/scikit-learn#2664,False,False,True,False,PF8,PS1,False,75
dengemann,mne-tools/mne-python#985,False,True,True,False,PF8,PS1,False,75
agramfort,mne-tools/mne-python#985,False,False,True,False,PF8,PS1,False,75
davidbrough1,scikit-learn/scikit-learn#3984,False,True,True,False,PF1,PS1,True,77
amueller,scikit-learn/scikit-learn#3984,False,False,True,False,PF1,PS1,True,77
raghavrv,scikit-learn/scikit-learn#3984,False,False,True,False,PF1,PS1,True,77
amueller,scikit-learn/scikit-learn#3987,True,False,False,False,PF1,PS1,True,77
agramfort,scikit-learn/scikit-learn#3987,False,False,True,False,PF1,PS1,True,77
jnothman,scikit-learn/scikit-learn#3987,False,False,True,False,PF1,PS1,True,77
wd15,materialsinnovation/pymks#132,False,True,True,False,PF1,PS1,True,77
davidbrough1,materialsinnovation/pymks#132,False,False,True,False,PF1,PS1,True,77
davidbrough1,materialsinnovation/pymks#134,True,False,False,False,PF1,PS1,True,77
wd15,materialsinnovation/pymks#134,False,False,True,False,PF1,PS1,True,77
amueller,scikit-learn/scikit-learn#5045,False,True,True,False,PF2,PS1,False,78
jmetzen,scikit-learn/scikit-learn#5045,False,False,True,False,PF2,PS1,False,78
GaelVaroquaux,scikit-learn/scikit-learn#5045,False,False,True,False,PF2,PS1,False,78
amueller,scikit-learn/scikit-learn#5047,True,False,True,False,PF2,PS1,False,78
GaelVaroquaux,scikit-learn/scikit-learn#5047,False,False,True,False,PF2,PS1,False,78
TomDLT,scikit-learn/scikit-learn#5047,False,False,True,False,PF2,PS1,False,78
arjoly,scikit-learn/scikit-learn#5047,False,False,True,False,PF2,PS1,False,78
FRidh,NixOS/nixpkgs#9146,False,True,True,False,PF2,PS1,False,78
bjornfor,NixOS/nixpkgs#9146,False,False,True,False,PF2,PS1,False,78
FRidh,NixOS/nixpkgs#10255,True,False,True,False,PF2,PS1,False,78
domenkozar,NixOS/nixpkgs#10255,False,False,True,False,PF2,PS1,False,78
garbas,NixOS/nixpkgs#10255,False,False,True,False,PF2,PS1,False,78
amueller,scikit-learn/scikit-learn#5049,True,False,True,False,PF2,PS1,False,78
GaelVaroquaux,scikit-learn/scikit-learn#5049,False,False,True,False,PF2,PS1,False,78
jmetzen,scikit-learn/scikit-learn#5049,False,False,True,False,PF2,PS1,False,78
TomDLT,scikit-learn/scikit-learn#5049,False,False,True,False,PF2,PS1,False,78
agramfort,scikit-learn/scikit-learn#5049,False,False,True,False,PF2,PS1,False,78
josef-pkt,scipy/scipy#2667,False,True,True,False,PF4,PS1,True,81
rgommers,scipy/scipy#2667,False,False,True,False,PF4,PS1,True,81
cairijun,scipy/scipy#3222,True,False,True,False,PF4,PS1,True,81
pv,scipy/scipy#3222,False,False,True,False,PF4,PS1,True,81
ev-br,scipy/scipy#3222,False,False,True,False,PF4,PS1,True,81
josef-pkt,statsmodels/statsmodels#1011,False,True,False,False,PF4,PS1,True,81
josef-pkt,statsmodels/statsmodels#997,True,False,True,False,PF4,PS1,True,81
jseabold,statsmodels/statsmodels#997,False,False,True,False,PF4,PS1,True,81
swails,scipy/scipy#3630,False,True,True,False,PF4,PS1,True,84
pv,scipy/scipy#3630,False,False,True,False,PF4,PS1,True,84
gauteh,scipy/scipy#3630,False,False,True,False,PF4,PS1,True,84
andreas-h,scipy/scipy#3630,False,False,True,False,PF4,PS1,True,84
rgommers,scipy/scipy#3630,False,False,True,False,PF4,PS1,True,84
pv,scipy/scipy#3960,True,False,True,False,PF4,PS1,True,84
WeatherGod,scipy/scipy#3960,False,False,True,False,PF4,PS1,True,84
rgommers,scipy/scipy#3960,False,False,True,False,PF4,PS1,True,84
martinclaus,Try2Code/cdo-bindings#4,False,True,True,False,PF4,PS1,True,84
Try2Code,Try2Code/cdo-bindings#4,False,False,True,False,PF4,PS1,True,84
martinclaus,Try2Code/cdo-bindings#5,True,False,True,False,PF4,PS1,True,84
revoltek,scipy/scipy#4233,False,True,False,False,PF4,PS1,True,85
maniteja123,scipy/scipy#4233,False,False,True,False,PF4,PS1,True,85
ev-br,scipy/scipy#5201,True,False,False,False,PF4,PS1,True,85
pv,scipy/scipy#5201,False,False,True,False,PF4,PS1,True,85
cpaulik,TUW-GEO/pytesmo#51,False,True,False,False,PF4,PS1,True,85
cpaulik,TUW-GEO/pytesmo#52,True,False,False,False,PF4,PS1,True,85
mdboom,matplotlib/matplotlib#4855,False,True,False,False,PF4,PS2,True,4
tacaswell,matplotlib/matplotlib#4855,False,False,True,False,PF4,PS2,True,4
efiring,matplotlib/matplotlib#4855,False,False,True,False,PF4,PS2,True,4
WeatherGod,matplotlib/matplotlib#4855,False,False,True,False,PF4,PS2,True,4
dopplershift,matplotlib/matplotlib#4855,False,False,True,False,PF4,PS2,True,4
mdboom,matplotlib/matplotlib#5440,True,False,True,False,PF4,PS2,True,4
tacaswell,matplotlib/matplotlib#5440,False,False,True,False,PF4,PS2,True,4
WeatherGod,matplotlib/matplotlib#5440,False,False,True,False,PF4,PS2,True,4
efiring,matplotlib/matplotlib#5440,False,False,True,False,PF4,PS2,True,4
jenshnielsen,matplotlib/matplotlib#5440,False,False,True,False,PF4,PS2,True,4
mdboom,astropy/astropy#4030,True,False,True,False,PF4,PS2,True,4
embray,astropy/astropy#4030,False,False,True,False,PF4,PS2,True,4
NicolasTr,scipy/scipy#2636,False,True,True,False,PF4,PS2,True,80
WarrenWeckesser,scipy/scipy#2636,False,False,True,False,PF4,PS2,True,80
ghost,scipy/scipy#2636,False,False,True,False,PF4,PS2,True,80
pv,scipy/scipy#2636,False,False,True,False,PF4,PS2,True,80
ghost,scipy/scipy#2672,True,False,True,False,PF4,PS2,True,80
rgommers,scipy/scipy#2672,False,False,True,False,PF4,PS2,True,80
NicolasTr,scikit-learn/scikit-learn#2148,True,False,True,False,PF4,PS2,True,80
glouppe,scikit-learn/scikit-learn#2148,False,False,True,False,PF4,PS2,True,80
mblondel,scikit-learn/scikit-learn#2148,False,False,True,False,PF4,PS2,True,80
GaelVaroquaux,scikit-learn/scikit-learn#2148,False,False,True,False,PF4,PS2,True,80
NicolasTr,scikit-learn/scikit-learn#2262,True,False,False,False,PF4,PS2,True,80
glouppe,scikit-learn/scikit-learn#2262,False,False,True,False,PF4,PS2,True,80
mdboom,numpy/numpy#2747,True,False,True,False,PF2,PS3,False,6
njsmith,numpy/numpy#2747,False,False,True,False,PF2,PS3,False,6
astrofrog,numpy/numpy#2747,False,False,True,False,PF2,PS3,False,6
astrofrog,astropy/astropy#465,False,True,True,False,PF2,PS3,False,6
mdboom,astropy/astropy#465,False,False,True,False,PF2,PS3,False,6
chrisidefix,ipython/pickleshare#8,False,True,True,False,PF2,PS3,False,1
Gaszc,ipython/pickleshare#8,False,False,True,False,PF2,PS3,False,1
Peque,ipython/pickleshare#8,False,False,True,False,PF2,PS3,False,1
cdeil,ipython/pickleshare#8,False,False,True,False,PF2,PS3,False,1
jjstickel,ipython/pickleshare#8,False,False,True,False,PF2,PS3,False,1
nikolas,ipython/pickleshare#8,False,False,True,False,PF2,PS3,False,1
Carreau,ipython/pickleshare#8,False,False,True,False,PF2,PS3,False,1
minrk,ipython/pickleshare#8,False,False,True,False,PF2,PS3,False,1
Peque,ipython/pickleshare#9,True,False,False,False,PF2,PS3,False,1
chrisidefix,ipython/pickleshare#9,False,False,True,False,PF2,PS3,False,1
chrisidefix,ipython/ipython#8776,False,True,True,False,PF2,PS3,False,1
Carreau,ipython/ipython#8776,False,False,True,False,PF2,PS3,False,1
beckermr,numpy/numpy#6467,False,True,True,False,PF2,PS3,False,2
esheldon,numpy/numpy#6467,False,False,True,False,PF2,PS3,False,2
seberg,numpy/numpy#6467,False,False,True,False,PF2,PS3,False,2
juliantaylor,numpy/numpy#6467,False,False,True,False,PF2,PS3,False,2
charris,numpy/numpy#6467,False,False,True,False,PF2,PS3,False,2
ahaldane,numpy/numpy#6467,False,False,True,False,PF2,PS3,False,2
danielsf,numpy/numpy#6467,False,False,True,False,PF2,PS3,False,2
JohnLonginotto,numpy/numpy#6467,False,False,True,False,PF2,PS3,False,2
dkirkby,numpy/numpy#6467,False,False,True,False,PF2,PS3,False,2
embray,numpy/numpy#6467,False,False,True,False,PF2,PS3,False,2
mhvk,numpy/numpy#6467,False,False,True,False,PF2,PS3,False,2
ahaldane,numpy/numpy#6562,True,False,True,False,PF2,PS3,False,2
charris,numpy/numpy#6562,False,False,True,False,PF2,PS3,False,2
embray,numpy/numpy#6562,False,False,True,False,PF2,PS3,False,2
michaelaye,astropy/astropy#4259,False,True,True,False,PF2,PS3,False,2
embray,astropy/astropy#4259,False,False,True,False,PF2,PS3,False,2
mhvk,astropy/astropy#4259,False,False,True,False,PF2,PS3,False,2
esheldon,astropy/astropy#4259,False,False,True,False,PF2,PS3,False,2
beckermr,numpy/numpy#6467,False,True,True,False,PF2,PS3,False,2
esheldon,numpy/numpy#6467,False,False,True,False,PF2,PS3,False,2
seberg,numpy/numpy#6467,False,False,True,False,PF2,PS3,False,2
juliantaylor,numpy/numpy#6467,False,False,True,False,PF2,PS3,False,2
charris,numpy/numpy#6467,False,False,True,False,PF2,PS3,False,2
ahaldane,numpy/numpy#6467,False,False,True,False,PF2,PS3,False,2
danielsf,numpy/numpy#6467,False,False,True,False,PF2,PS3,False,2
JohnLonginotto,numpy/numpy#6467,False,False,True,False,PF2,PS3,False,2
dkirkby,numpy/numpy#6467,False,False,True,False,PF2,PS3,False,2
embray,numpy/numpy#6467,False,False,True,False,PF2,PS3,False,2
mhvk,numpy/numpy#6467,False,False,True,False,PF2,PS3,False,2
ahaldane,numpy/numpy#6562,True,False,True,False,PF2,PS3,False,2
charris,numpy/numpy#6562,False,False,True,False,PF2,PS3,False,2
embray,numpy/numpy#6562,False,False,True,False,PF2,PS3,False,2
weatherfrog,scipy/scipy#5397,False,True,True,False,PF2,PS3,False,2
charris,scipy/scipy#5397,False,False,True,False,PF2,PS3,False,2
rgommers,scipy/scipy#5397,False,False,True,False,PF2,PS3,False,2
bretter,scipy/scipy#3025,False,True,True,False,PF2,PS3,False,13
rgommers,scipy/scipy#3025,False,False,True,False,PF2,PS3,False,13
pv,scipy/scipy#3025,False,False,True,False,PF2,PS3,False,13
thouis,scipy/scipy#3025,False,False,True,False,PF2,PS3,False,13
thouis,scipy/scipy#3033,True,False,True,False,PF2,PS3,False,13
juliantaylor,scipy/scipy#3033,False,False,True,False,PF2,PS3,False,13
pv,scipy/scipy#3033,False,False,True,False,PF2,PS3,False,13
haroldn,scikit-learn/scikit-learn#1968,False,True,False,False,PF2,PS3,False,13
juliantaylor,scikit-learn/scikit-learn#1968,False,False,True,False,PF2,PS3,False,13
arjoly,scikit-learn/scikit-learn#1968,False,False,True,False,PF2,PS3,False,13
jschueller,sphinx-doc/sphinx#1822,False,True,True,False,PF2,PS3,False,25
christianbrodbeck,sphinx-doc/sphinx#1822,False,False,True,False,PF2,PS3,False,25
lsaffre,sphinx-doc/sphinx#1822,False,False,True,False,PF2,PS3,False,25
shoyer,sphinx-doc/sphinx#1822,False,False,True,False,PF2,PS3,False,25
amueller,sphinx-doc/sphinx#1822,False,False,True,False,PF2,PS3,False,25
larsoner,sphinx-doc/sphinx#1892,True,False,True,False,PF2,PS3,False,25
jschueller,sphinx-doc/sphinx#1892,False,False,True,False,PF2,PS3,False,25
lsaffre,sphinx-doc/sphinx#1892,False,False,True,False,PF2,PS3,False,25
shimizukawa,sphinx-doc/sphinx#1892,False,False,True,False,PF2,PS3,False,25
birkenfeld,sphinx-doc/sphinx#1892,False,False,True,False,PF2,PS3,False,25
amueller,sphinx-doc/sphinx#1892,False,False,True,False,PF2,PS3,False,25
amueller,scikit-learn/scikit-learn#4737,False,True,True,False,PF2,PS3,False,25
shoyer,scikit-learn/scikit-learn#4737,False,False,True,False,PF2,PS3,False,25
ogrisel,joblib/joblib#38,False,True,True,False,PF2,PS3,False,27
GaelVaroquaux,joblib/joblib#38,False,False,True,False,PF2,PS3,False,27
vene,joblib/joblib#38,False,False,True,False,PF2,PS3,False,27
ogrisel,joblib/joblib#44,True,False,True,False,PF2,PS3,False,27
GaelVaroquaux,joblib/joblib#44,False,False,True,False,PF2,PS3,False,27
glouppe,joblib/joblib#44,False,False,True,False,PF2,PS3,False,27
bdholt1,joblib/joblib#44,False,False,True,False,PF2,PS3,False,27
ogrisel,scikit-learn/scikit-learn#1142,False,True,True,False,PF2,PS3,False,27
GaelVaroquaux,scikit-learn/scikit-learn#1142,False,False,True,False,PF2,PS3,False,27
agramfort,scikit-learn/scikit-learn#1142,False,False,True,False,PF2,PS3,False,27
larsmans,scikit-learn/scikit-learn#1142,False,False,True,False,PF2,PS3,False,27
mhvk,numpy/numpy#7393,False,True,True,False,PF2,PS3,False,46
njsmith,numpy/numpy#7393,False,False,True,False,PF2,PS3,False,46
seberg,numpy/numpy#7393,False,False,True,False,PF2,PS3,False,46
ahaldane,numpy/numpy#7393,False,False,True,False,PF2,PS3,False,46
charris,numpy/numpy#7393,False,False,True,False,PF2,PS3,False,46
ahaldane,numpy/numpy#7397,True,False,True,False,PF2,PS3,False,46
charris,numpy/numpy#7397,False,False,True,False,PF2,PS3,False,46
njsmith,numpy/numpy#7397,False,False,True,False,PF2,PS3,False,46
mhvk,numpy/numpy#7397,False,False,True,False,PF2,PS3,False,46
mhvk,astropy/astropy#4677,False,True,True,False,PF2,PS3,False,46
eteq,astropy/astropy#4677,False,False,True,False,PF2,PS3,False,46
klaussfreire,zeromq/pyzmq#613,False,True,True,False,PF2,PS3,False,50
rainwoodman,zeromq/pyzmq#613,False,False,True,False,PF2,PS3,False,50
minrk,zeromq/pyzmq#613,False,False,True,False,PF2,PS3,False,50
minrk,zeromq/pyzmq#618,True,False,False,False,PF2,PS3,False,50
miohtama,zeromq/pyzmq#618,False,False,True,False,PF2,PS3,False,50
khadiwala,ipython/ipython#6109,False,True,True,False,PF2,PS3,False,50
ahaefner,ipython/ipython#6109,False,False,True,False,PF2,PS3,False,50
erccarls,ipython/ipython#6109,False,False,True,False,PF2,PS3,False,50
andaag,ipython/ipython#6109,False,False,True,False,PF2,PS3,False,50
ricklupton,ipython/ipython#6109,False,False,True,False,PF2,PS3,False,50
jamescasbon,ipython/ipython#6109,False,False,True,False,PF2,PS3,False,50
ellisonbg,ipython/ipython#6109,False,False,True,False,PF2,PS3,False,50
Shotgunosine,ipython/ipython#6109,False,False,True,False,PF2,PS3,False,50
minrk,ipython/ipython#6109,False,False,True,False,PF2,PS3,False,50
taldcroft,numpy/numpy#6019,False,True,False,False,PF2,PS3,False,51
astrofrog,numpy/numpy#6019,False,False,True,False,PF2,PS3,False,51
charris,numpy/numpy#6019,False,False,True,False,PF2,PS3,False,51
taldcroft,numpy/numpy#6019,True,False,False,False,PF2,PS3,False,51
astrofrog,numpy/numpy#6019,False,False,True,False,PF2,PS3,False,51
charris,numpy/numpy#6019,False,False,True,False,PF2,PS3,False,51
astrofrog,astropy/astropy#3877,False,True,True,False,PF2,PS3,False,51
taldcroft,astropy/astropy#3877,False,False,True,False,PF2,PS3,False,51
mhvk,astropy/astropy#3877,False,False,True,False,PF2,PS3,False,51
embray,astropy/astropy#3877,False,False,True,False,PF2,PS3,False,51
pllim,astropy/astropy#3877,False,False,True,False,PF2,PS3,False,51
juliantaylor,numpy/numpy#3793,False,True,False,False,PF2,PS3,False,52
juliantaylor,numpy/numpy#3800,True,False,True,False,PF2,PS3,False,52
cgohlke,numpy/numpy#3800,False,False,True,False,PF2,PS3,False,52
njsmith,numpy/numpy#3800,False,False,True,False,PF2,PS3,False,52
charris,numpy/numpy#3800,False,False,True,False,PF2,PS3,False,52
juliantaylor,scipy/scipy#2930,False,True,True,False,PF2,PS3,False,52
rgommers,scipy/scipy#2930,False,False,True,False,PF2,PS3,False,52
matthew-brett,scipy/scipy#2930,False,False,True,False,PF2,PS3,False,52
pv,scipy/scipy#2930,False,False,True,False,PF2,PS3,False,52
TomasTomecek,scipy/scipy#2930,False,False,True,False,PF2,PS3,False,52
mfrodl,joblib/joblib#258,False,True,True,False,PF2,PS3,False,54
GaelVaroquaux,joblib/joblib#258,False,False,True,False,PF2,PS3,False,54
kw-moeller,joblib/joblib#258,False,False,True,False,PF2,PS3,False,54
lesteve,joblib/joblib#258,False,False,True,False,PF2,PS3,False,54
mfrodl,joblib/joblib#259,True,False,True,False,PF2,PS3,False,54
lesteve,joblib/joblib#259,False,False,True,False,PF2,PS3,False,54
GaelVaroquaux,joblib/joblib#259,False,False,True,False,PF2,PS3,False,54
pprett,scikit-learn/scikit-learn#542,False,True,True,False,PF2,PS3,False,54
mblondel,joblib/joblib#66,False,True,True,False,PF2,PS3,False,57
ogrisel,joblib/joblib#66,False,False,True,False,PF2,PS3,False,57
GaelVaroquaux,joblib/joblib#66,False,False,True,False,PF2,PS3,False,57
aabadie,joblib/joblib#260,True,False,True,False,PF2,PS3,False,57
GaelVaroquaux,joblib/joblib#260,False,False,True,False,PF2,PS3,False,57
lesteve,joblib/joblib#260,False,False,True,False,PF2,PS3,False,57
abhirk,scikit-learn/scikit-learn#1414,False,True,True,False,PF2,PS3,False,57
ogrisel,scikit-learn/scikit-learn#1414,False,False,True,False,PF2,PS3,False,57
arjoly,scikit-learn/scikit-learn#1414,False,False,True,False,PF2,PS3,False,57
thouis,numpy/numpy#2056,False,True,False,False,PF2,PS3,False,62
charris,numpy/numpy#2056,False,False,True,False,PF2,PS3,False,62
josef-pkt,numpy/numpy#2056,False,False,True,False,PF2,PS3,False,62
jaimefrio,numpy/numpy#2056,False,False,True,False,PF2,PS3,False,62
jaimefrio,numpy/numpy#5858,True,False,True,False,PF2,PS3,False,62
charris,numpy/numpy#5858,False,False,True,False,PF2,PS3,False,62
josef-pkt,scipy/scipy#3354,False,True,False,False,PF2,PS3,False,62
ev-br,scipy/scipy#3354,False,False,True,False,PF2,PS3,False,62
jaimefrio,scipy/scipy#3354,False,False,True,False,PF2,PS3,False,62
argriffing,scipy/scipy#3354,False,False,True,False,PF2,PS3,False,62
taldcroft,numpy/numpy#4778,False,True,False,False,PF2,PS3,False,74
seberg,numpy/numpy#4778,False,False,True,False,PF2,PS3,False,74
juliantaylor,numpy/numpy#4778,False,False,True,False,PF2,PS3,False,74
juliantaylor,numpy/numpy#4782,True,False,False,False,PF2,PS3,False,74
charris,numpy/numpy#4782,False,False,True,False,PF2,PS3,False,74
taldcroft,numpy/numpy#4782,False,False,True,False,PF2,PS3,False,74
astrofrog,astropy/astropy#2281,False,True,True,False,PF2,PS3,False,74
mdboom,astropy/astropy#2281,False,False,True,False,PF2,PS3,False,74
taldcroft,astropy/astropy#2281,False,False,True,False,PF2,PS3,False,74
juliantaylor,astropy/astropy#2281,False,False,True,False,PF2,PS3,False,74
LeeKamentsky,scipy/scipy#2573,False,True,True,False,PF2,PS3,False,79
matthew-brett,scipy/scipy#2573,False,False,True,False,PF2,PS3,False,79
pv,scipy/scipy#2573,False,False,True,False,PF2,PS3,False,79
braymp,CellProfiler/CellProfiler#662,False,True,False,False,PF2,PS3,False,79
LeeKamentsky,CellProfiler/CellProfiler#662,False,False,True,False,PF2,PS3,False,79
josef-pkt,scipy/scipy#3522,False,True,True,False,PF2,PS3,False,83
rgommers,scipy/scipy#3522,False,False,True,False,PF2,PS3,False,83
rgommers,scipy/scipy#3523,True,False,True,False,PF2,PS3,False,83
ev-br,scipy/scipy#3523,False,False,True,False,PF2,PS3,False,83
josef-pkt,scipy/scipy#3523,False,False,True,False,PF2,PS3,False,83
jseabold,statsmodels/statsmodels#1548,False,True,False,False,PF2,PS3,False,83
josef-pkt,statsmodels/statsmodels#1548,False,False,True,False,PF2,PS3,False,83
embray,numpy/numpy#5251,True,False,True,False,PF4,PS4,True,7
charris,numpy/numpy#5251,False,False,True,False,PF4,PS4,True,7
juliantaylor,numpy/numpy#5251,False,False,True,False,PF4,PS4,True,7
NeilGirdhar,numpy/numpy#5251,False,False,True,False,PF4,PS4,True,7
embray,astropy/astropy#3052,True,False,True,False,PF4,PS4,True,7
mhvk,astropy/astropy#3052,False,False,True,False,PF4,PS4,True,7
taldcroft,astropy/astropy#3052,False,False,True,False,PF4,PS4,True,7
mhvk,numpy/numpy#4586,True,False,True,False,PF1,PS4,True,70
charris,numpy/numpy#4586,False,False,True,False,PF1,PS4,True,70
ahaldane,numpy/numpy#4586,False,False,True,False,PF1,PS4,True,70
taldcroft,astropy/astropy#3023,True,False,True,False,PF1,PS4,True,70
mhvk,astropy/astropy#3023,False,False,True,False,PF1,PS4,True,70
mhvk,numpy/numpy#7156,True,False,False,False,PF2,PS4,False,71
charris,numpy/numpy#7156,False,False,True,False,PF2,PS4,False,71
astrofrog,astropy/astropy#4543,True,False,False,False,PF2,PS4,False,71
mhvk,astropy/astropy#4543,False,False,True,False,PF2,PS4,False,71
eteq,astropy/astropy#4543,False,False,True,False,PF2,PS4,False,71
embray,numpy/numpy#5921,True,False,True,False,PF2,PS5,False,5
charris,numpy/numpy#5921,False,False,True,False,PF2,PS5,False,5
embray,astropy/astropy#3803,False,True,True,False,PF2,PS5,False,5
astrofrog,astropy/astropy#3803,False,False,True,False,PF2,PS5,False,5
juliantaylor,numpy/numpy#4847,True,False,True,False,PF2,PS5,False,10
seberg,numpy/numpy#4847,False,False,True,False,PF2,PS5,False,10
charris,numpy/numpy#4847,False,False,True,False,PF2,PS5,False,10
charris,astropy/astropy#2693,False,True,True,False,PF2,PS5,False,10
embray,astropy/astropy#2693,False,False,True,False,PF2,PS5,False,10
astrofrog,astropy/astropy#2693,False,False,True,False,PF2,PS5,False,10
juliantaylor,astropy/astropy#2693,False,False,True,False,PF2,PS5,False,10
embray,astropy/astropy-helpers#144,True,False,True,False,PF2,PS5,False,15
josePhoenix,astropy/astropy#3541,False,True,True,False,PF2,PS5,False,15
embray,astropy/astropy#3541,False,False,True,False,PF2,PS5,False,15
mhvk,numpy/numpy#3907,True,False,True,False,PF2,PS5,False,35
njsmith,numpy/numpy#3907,False,False,True,False,PF2,PS5,False,35
rgommers,numpy/numpy#3907,False,False,True,False,PF2,PS5,False,35
charris,numpy/numpy#3907,False,False,True,False,PF2,PS5,False,35
astrofrog,astropy/astropy#2701,False,True,False,False,PF2,PS5,False,35
mhvk,astropy/astropy#2701,False,False,True,False,PF2,PS5,False,35
embray,astropy/astropy#2701,False,False,True,False,PF2,PS5,False,35
bsipocz,astropy/astropy#2701,False,False,True,False,PF2,PS5,False,35
embray,numpy/numpy#4494,True,False,True,False,PF2,PS5,False,53
charris,numpy/numpy#4494,False,False,True,False,PF2,PS5,False,53
juliantaylor,numpy/numpy#4494,False,False,True,False,PF2,PS5,False,53
astrofrog,astropy/astropy#1987,False,True,True,False,PF2,PS5,False,53
embray,astropy/astropy#1987,False,False,True,False,PF2,PS5,False,53
EricDepagne,astropy/astroquery#481,True,False,False,False,PF2,PS5,False,55
keflavich,astropy/astroquery#481,False,False,True,False,PF2,PS5,False,55
EricDepagne,astropy/astropy#3399,False,True,False,False,PF2,PS5,False,55
mboquien,astropy/astropy#3399,False,False,True,False,PF2,PS5,False,55
embray,astropy/astropy#3399,False,False,True,False,PF2,PS5,False,55
keflavich,astropy/astropy#3399,False,False,True,False,PF2,PS5,False,55
taldcroft,astropy/astropy#3399,False,False,True,False,PF2,PS5,False,55
astrofrog,astropy/astropy#3399,False,False,True,False,PF2,PS5,False,55
eteq,astropy/astropy#3399,False,False,True,False,PF2,PS5,False,55
mhvk,numpy/numpy#5962,True,False,True,False,PF2,PS5,False,70
embray,numpy/numpy#5962,False,False,True,False,PF2,PS5,False,70
charris,numpy/numpy#5962,False,False,True,False,PF2,PS5,False,70
seberg,numpy/numpy#5962,False,False,True,False,PF2,PS5,False,70
ahaldane,numpy/numpy#5962,False,False,True,False,PF2,PS5,False,70
eric-wieser,numpy/numpy#5962,False,False,True,False,PF2,PS5,False,70
mhvk,astropy/astropy#3848,False,True,True,False,PF2,PS5,False,70
embray,astropy/astropy#3848,False,False,True,False,PF2,PS5,False,70
agramfort,scikit-learn/scikit-learn#3277,True,False,True,False,PF2,PS5,False,76
GaelVaroquaux,scikit-learn/scikit-learn#3277,False,False,True,False,PF2,PS5,False,76
larsmans,scikit-learn/scikit-learn#3277,False,False,True,False,PF2,PS5,False,76
dengemann,mne-tools/mne-python#1401,False,True,True,False,PF2,PS5,False,76
mbillingr,mne-tools/mne-python#1401,False,False,True,False,PF2,PS5,False,76
larsoner,mne-tools/mne-python#1401,False,False,True,False,PF2,PS5,False,76
agramfort,mne-tools/mne-python#1401,False,False,True,False,PF2,PS5,False,76
ogrisel,scipy/scipy#4142,True,False,True,False,PF8,PS6,False,8
stefanv,scipy/scipy#4142,False,False,True,False,PF8,PS6,False,8
ogrisel,scikit-learn/scikit-learn#2986,False,True,True,False,PF8,PS6,False,8
GaelVaroquaux,scikit-learn/scikit-learn#2986,False,False,True,False,PF8,PS6,False,8
marisawallace,scikit-learn/scikit-learn#2986,False,False,True,False,PF8,PS6,False,8
cournape,scikit-learn/scikit-learn#2986,False,False,True,False,PF8,PS6,False,8
amueller,scikit-learn/scikit-learn#2986,False,False,True,False,PF8,PS6,False,8
ogrisel,scikit-learn/scikit-learn#3853,True,False,True,False,PF8,PS6,False,8
amueller,scikit-learn/scikit-learn#3853,False,False,True,False,PF8,PS6,False,8
larsmans,scikit-learn/scikit-learn#3853,False,False,True,False,PF8,PS6,False,8
ogrisel,joblib/joblib#214,True,False,True,False,PF4,PS6,True,9
lesteve,joblib/joblib#214,False,False,True,False,PF4,PS6,True,9
fenghuadong,joblib/joblib#214,False,False,True,False,PF4,PS6,True,9
DonBeo,scikit-learn/scikit-learn#4597,False,True,True,False,PF4,PS6,True,9
agramfort,scikit-learn/scikit-learn#4597,False,False,True,False,PF4,PS6,True,9
lesteve,scikit-learn/scikit-learn#4597,False,False,True,False,PF4,PS6,True,9
amueller,scikit-learn/scikit-learn#4597,False,False,True,False,PF4,PS6,True,9
koefoed,scikit-learn/scikit-learn#4597,False,False,True,False,PF4,PS6,True,9
ogrisel,scikit-learn/scikit-learn#4597,False,False,True,False,PF4,PS6,True,9
ogrisel,scikit-learn/scikit-learn#4684,True,False,True,False,PF4,PS6,True,9
amueller,scikit-learn/scikit-learn#4684,False,False,True,False,PF4,PS6,True,9
agramfort,scikit-learn/scikit-learn#4684,False,False,True,False,PF4,PS6,True,9
ev-br,numpy/numpy#6936,True,False,True,False,PF5,PS6,True,21
charris,numpy/numpy#6936,False,False,True,False,PF5,PS6,True,21
endolith,scipy/scipy#5629,False,True,True,False,PF5,PS6,True,21
ev-br,scipy/scipy#5629,False,False,True,False,PF5,PS6,True,21
rgommers,scipy/scipy#5629,False,False,True,False,PF5,PS6,True,21
rgommers,scipy/scipy#5661,True,False,True,False,PF5,PS6,True,21
ev-br,scipy/scipy#5661,False,False,True,False,PF5,PS6,True,21
charris,scipy/scipy#5661,False,False,True,False,PF5,PS6,True,21
cgohlke,numpy/numpy#4602,True,False,False,False,PF6,PS6,False,24
charris,numpy/numpy#4602,False,False,True,False,PF6,PS6,False,24
cgohlke,scipy/scipy#3306,False,True,True,False,PF6,PS6,False,24
rgommers,scipy/scipy#3306,False,False,True,False,PF6,PS6,False,24
pv,scipy/scipy#3306,False,False,True,False,PF6,PS6,False,24
cgohlke,scipy/scipy#3534,True,False,False,False,PF6,PS6,False,24
rgommers,scipy/scipy#3534,False,False,True,False,PF6,PS6,False,24
juliantaylor,numpy/numpy#5316,True,False,True,False,PS4,PS6,False,37
njsmith,numpy/numpy#5316,False,False,True,False,PS4,PS6,False,37
charris,numpy/numpy#5316,False,False,True,False,PS4,PS6,False,37
cournape,numpy/numpy#5316,False,False,True,False,PS4,PS6,False,37
matthew-brett,numpy/numpy#5316,False,False,True,False,PS4,PS6,False,37
pv,numpy/numpy#5316,False,False,True,False,PS4,PS6,False,37
stonebig,numpy/numpy#5316,False,False,True,False,PS4,PS6,False,37
rgommers,numpy/numpy#5316,False,False,True,False,PS4,PS6,False,37
cournape,scipy/scipy#4168,False,True,True,False,PS4,PS6,False,37
pv,scipy/scipy#4168,False,False,True,False,PS4,PS6,False,37
charris,scipy/scipy#4168,False,False,True,False,PS4,PS6,False,37
juliantaylor,scipy/scipy#4168,False,False,True,False,PS4,PS6,False,37
pv,scipy/scipy#4241,True,False,True,False,PS4,PS6,False,37
rgommers,scipy/scipy#4241,False,False,True,False,PS4,PS6,False,37
argriffing,scipy/scipy#4241,False,False,True,False,PS4,PS6,False,37
cournape,scipy/scipy#4241,False,False,True,False,PS4,PS6,False,37
lesteve,joblib/joblib#192,False,True,True,False,PF4,PS7,True,19
GaelVaroquaux,joblib/joblib#192,False,False,True,False,PF4,PS7,True,19
ogrisel,joblib/joblib#192,False,False,True,False,PF4,PS7,True,19
ogrisel,scikit-learn/scikit-learn#3596,False,True,True,False,PF4,PS7,True,19
ogrisel,scikit-learn/scikit-learn#5355,True,False,True,False,PF4,PS7,True,19
jnothman,scikit-learn/scikit-learn#5355,False,False,True,False,PF4,PS7,True,19
TomDLT,scikit-learn/scikit-learn#5355,False,False,True,False,PF4,PS7,True,19
amueller,scikit-learn/scikit-learn#5355,False,False,True,False,PF4,PS7,True,19
joshpangell,codemirror/codemirror5#332,False,True,True,False,PF4,PS7,True,16
marijnh,codemirror/codemirror5#332,False,False,True,False,PF4,PS7,True,16
dsmall,codemirror/codemirror5#332,False,False,True,False,PF4,PS7,True,16
peterkroon,codemirror/codemirror5#332,False,False,True,False,PF4,PS7,True,16
minrk,codemirror/codemirror5#332,False,False,True,False,PF4,PS7,True,16
mattcph,codemirror/codemirror5#332,False,False,True,False,PF4,PS7,True,16
Steffi3rd,codemirror/codemirror5#332,False,False,True,False,PF4,PS7,True,16
fonnesbeck,ipython/ipython#3375,False,True,True,False,PF4,PS7,True,16
minrk,ipython/ipython#3375,False,False,True,False,PF4,PS7,True,16
minrk,ipython/ipython#3378,True,False,False,False,PF4,PS7,True,16
Carreau,ipython/ipython#3378,False,False,True,False,PF4,PS7,True,16
jreback,pandas-dev/pandas#4737,False,True,True,False,PF4,PS7,True,33
shoyer,pandas-dev/pandas#4737,False,False,True,False,PF4,PS7,True,33
embray,pandas-dev/pandas#4737,False,False,True,False,PF4,PS7,True,33
elehcim,pandas-dev/pandas#4737,False,False,True,False,PF4,PS7,True,33
musicinmybrain,pandas-dev/pandas#4737,False,False,True,False,PF4,PS7,True,33
cdeil,astropy/astropy#1156,False,True,True,False,PF4,PS7,True,33
embray,astropy/astropy#1156,False,False,True,False,PF4,PS7,True,33
astrofrog,astropy/astropy#1156,False,False,True,False,PF4,PS7,True,33
taldcroft,astropy/astropy#1156,False,False,True,False,PF4,PS7,True,33
Cadair,astropy/astropy#1156,False,False,True,False,PF4,PS7,True,33
andrevitorelli,astropy/astropy#1156,False,False,True,False,PF4,PS7,True,33
rasmi,astropy/astropy#1156,False,False,True,False,PF4,PS7,True,33
mhvk,astropy/astropy#1156,False,False,True,False,PF4,PS7,True,33
mwcraig,astropy/astropy#1156,False,False,True,False,PF4,PS7,True,33
astrofrog,astropy/astropy#3729,True,False,True,False,PF4,PS7,True,33
cdeil,astropy/astropy#3729,False,False,True,False,PF4,PS7,True,33
taldcroft,astropy/astropy#3729,False,False,True,False,PF4,PS7,True,33
embray,astropy/astropy#3729,False,False,True,False,PF4,PS7,True,33
taldcroft,liberfa/erfa#4,False,True,True,False,PF8,PS7,False,64
eteq,liberfa/erfa#4,False,False,True,False,PF8,PS7,False,64
timj,liberfa/erfa#4,False,False,True,False,PF8,PS7,False,64
scottransom,liberfa/erfa#4,False,False,True,False,PF8,PS7,False,64
taldcroft,astropy/astropy#1031,False,True,True,False,PF8,PS7,False,64
eteq,astropy/astropy#1031,False,False,True,False,PF8,PS7,False,64
embray,astropy/astropy#1031,False,False,True,False,PF8,PS7,False,64
eteq,astropy/astropy#2497,True,False,True,False,PF8,PS7,False,64
astrofrog,astropy/astropy#2497,False,False,True,False,PF8,PS7,False,64
taldcroft,astropy/astropy#2497,False,False,True,False,PF8,PS7,False,64
rgommers,pypa/pip#2256,False,True,True,False,PF4,PS10,True,20
dstufft,pypa/pip#2256,False,False,True,False,PF4,PS10,True,20
argriffing,pypa/pip#2256,False,False,True,False,PF4,PS10,True,20
ahjulstad,scipy/scipy#4512,True,False,False,False,PF4,PS10,True,20
argriffing,scipy/scipy#4512,False,False,True,False,PF4,PS10,True,20
pv,scipy/scipy#4512,False,False,True,False,PF4,PS10,True,20
rgommers,scipy/scipy#4512,False,False,True,False,PF4,PS10,True,20
rgommers,pypa/pip#2256,False,True,True,False,PF4,PS10,True,20
dstufft,pypa/pip#2256,False,False,True,False,PF4,PS10,True,20
argriffing,pypa/pip#2256,False,False,True,False,PF4,PS10,True,20
ahjulstad,numpy/numpy#5556,True,False,False,False,PF4,PS10,True,20
charris,numpy/numpy#5556,False,False,True,False,PF4,PS10,True,20
MSeifert04,numpy/numpy#7330,False,True,True,False,PF4,PS10,True,132
jakirkham,numpy/numpy#7330,False,False,True,False,PF4,PS10,True,132
mhvk,numpy/numpy#7330,False,False,True,False,PF4,PS10,True,132
mdhaber,numpy/numpy#7330,False,False,True,False,PF4,PS10,True,132
Vital-Fernandez,numpy/numpy#7330,False,False,True,False,PF4,PS10,True,132
MSeifert04,astropy/astropy#4658,True,False,True,False,PF4,PS10,True,132
mhvk,astropy/astropy#4658,False,False,True,False,PF4,PS10,True,132
mhvk,numpy/numpy#4564,False,True,True,False,PF4,PS10,True,42
seberg,numpy/numpy#4564,False,False,True,False,PF4,PS10,True,42
mhvk,astropy/astropy#2251,True,False,True,False,PF4,PS10,True,42
mdboom,astropy/astropy#2251,False,False,True,False,PF4,PS10,True,42
embray,astropy/astropy#2251,False,False,True,False,PF4,PS10,True,42
ccazabon,python-pillow/Pillow#990,False,True,False,False,PF4,PS10,True,47
wiredfool,python-pillow/Pillow#990,False,False,True,False,PF4,PS10,True,47
WarrenWeckesser,scipy/scipy#4041,True,False,True,False,PF4,PS10,True,47
juliantaylor,scipy/scipy#4041,False,False,True,False,PF4,PS10,True,47
wiredfool,scipy/scipy#4041,False,False,True,False,PF4,PS10,True,47
richardgmcmahon,GalSim-developers/GalSim#586,False,True,True,False,PF4,PS10,True,48
rmjarvis,GalSim-developers/GalSim#586,False,False,True,False,PF4,PS10,True,48
embray,GalSim-developers/GalSim#586,False,False,True,False,PF4,PS10,True,48
richardgmcmahon,astropy/astropy#2750,True,False,True,False,PF4,PS10,True,48
embray,astropy/astropy#2750,False,False,True,False,PF4,PS10,True,48
eteq,mathjax/MathJax#795,False,True,True,False,PF1,PS10,True,56
pkra,mathjax/MathJax#795,False,False,True,False,PF1,PS10,True,56
dpvc,mathjax/MathJax#795,False,False,True,False,PF1,PS10,True,56
eteq,astropy/astropy#2286,True,False,True,False,PF1,PS10,True,56
mdboom,astropy/astropy#2286,False,False,True,False,PF1,PS10,True,56
mhvk,astropy/astropy#2286,False,False,True,False,PF1,PS10,True,56
eteq,mathjax/MathJax#795,False,True,True,False,PF2,PS12,False,56
pkra,mathjax/MathJax#795,False,False,True,False,PF2,PS12,False,56
dpvc,mathjax/MathJax#795,False,False,True,False,PF2,PS12,False,56
eteq,ipython/ipython#5533,False,True,True,False,PF2,PS12,False,56
takluyver,ipython/ipython#5533,False,False,True,False,PF2,PS12,False,56
pkra,ipython/ipython#5533,False,False,True,False,PF2,PS12,False,56
bamboocza,ContinuumIO/anaconda-issues#650,False,True,True,False,PF5,PS13,True,59
ilanschnell,ContinuumIO/anaconda-issues#650,False,False,True,False,PF5,PS13,True,59
SMeo,ContinuumIO/anaconda-issues#650,False,False,True,False,PF5,PS13,True,59
wholmgren,ContinuumIO/anaconda-issues#650,False,False,True,False,PF5,PS13,True,59
roessland,ContinuumIO/anaconda-issues#650,False,False,True,False,PF5,PS13,True,59
andyljones,ContinuumIO/anaconda-issues#650,False,False,True,False,PF5,PS13,True,59
liartar,ContinuumIO/anaconda-issues#650,False,False,True,False,PF5,PS13,True,59
oxsem,ContinuumIO/anaconda-issues#650,False,False,True,False,PF5,PS13,True,59
htylab,ContinuumIO/anaconda-issues#650,False,False,True,False,PF5,PS13,True,59
oliche,ContinuumIO/anaconda-issues#650,False,False,True,False,PF5,PS13,True,59
rhaxton,ContinuumIO/anaconda-issues#650,False,False,True,False,PF5,PS13,True,59
tvt173,ContinuumIO/anaconda-issues#650,False,False,True,False,PF5,PS13,True,59
pengzhxyz,ContinuumIO/anaconda-issues#650,False,False,True,False,PF5,PS13,True,59
agamemnonc,ContinuumIO/anaconda-issues#650,False,False,True,False,PF5,PS13,True,59
Tokin256,ContinuumIO/anaconda-issues#650,False,False,True,False,PF5,PS13,True,59
erfannoury,ContinuumIO/anaconda-issues#650,False,False,True,False,PF5,PS13,True,59
CompPhysChris,ContinuumIO/anaconda-issues#650,False,False,True,False,PF5,PS13,True,59
msarahan,ContinuumIO/anaconda-issues#650,False,False,True,False,PF5,PS13,True,59
youkilee,ContinuumIO/anaconda-issues#650,False,False,True,False,PF5,PS13,True,59
ai-bites,ContinuumIO/anaconda-issues#650,False,False,True,False,PF5,PS13,True,59
saulomeirelles,scipy/scipy#5882,False,True,True,False,PF5,PS13,True,59
pv,scipy/scipy#5882,False,False,True,False,PF5,PS13,True,59
oxsem,scipy/scipy#5882,False,False,True,False,PF5,PS13,True,59
angelnaviavazquez,scipy/scipy#5882,False,False,True,False,PF5,PS13,True,59
cdboschen,scipy/scipy#5882,False,False,True,False,PF5,PS13,True,59
saulomeirelles,wesleybowman/UTide#30,False,True,True,False,PF5,PS13,True,59
ocefpaf,wesleybowman/UTide#30,False,False,True,False,PF5,PS13,True,59
efiring,wesleybowman/UTide#30,False,False,True,False,PF5,PS13,True,59
ocefpaf,wesleybowman/UTide#34,True,False,True,False,PF5,PS13,True,59
efiring,wesleybowman/UTide#34,False,False,True,False,PF5,PS13,True,59
pv,numpy/numpy#5895,False,True,False,False,PF5,PS14,True,72
argriffing,scipy/scipy#4895,False,True,False,False,PF5,PS14,True,72
pv,scipy/scipy#4895,False,False,True,False,PF5,PS14,True,72
rgommers,scipy/scipy#4895,False,False,True,False,PF5,PS14,True,72
argriffing,scipy/scipy#4896,True,False,True,False,PF5,PS14,True,72
rgommers,scipy/scipy#4896,False,False,True,False,PF5,PS14,True,72
WarrenWeckesser,scipy/scipy#4896,False,False,True,False,PF5,PS14,True,72
pv,scipy/scipy#4896,False,False,True,False,PF5,PS14,True,72
matthew-brett,nipy/dipy#611,False,True,False,False,PF5,PS14,True,72
arokem,nipy/dipy#611,False,False,True,False,PF5,PS14,True,72
arokem,nipy/dipy#612,True,False,True,False,PF5,PS14,True,72
MrBago,nipy/dipy#612,False,False,True,False,PF5,PS14,True,72
matthew-brett,nipy/dipy#612,False,False,True,False,PF5,PS14,True,72
ghost,nipy/dipy#612,False,False,True,False,PF5,PS14,True,72
omarocegueda,nipy/dipy#612,False,False,True,False,PF5,PS14,True,72
batterseapower,scipy/scipy#452,True,False,True,False,PF2,PS13,False,79
pv,scipy/scipy#452,False,False,True,False,PF2,PS13,False,79
rgommers,scipy/scipy#452,False,False,True,False,PF2,PS13,False,79
matthew-brett,scipy/scipy#452,False,False,True,False,PF2,PS13,False,79
charris,numpy/numpy#2655,False,False,True,False,PF6,PS1,True,61
rgommers,numpy/numpy#2655,False,False,True,False,PF6,PS1,True,61
dpantele,scipy/scipy#2138,False,False,True,False,PF4,PS1,True,60
stefanv,scipy/scipy#2138,False,False,True,False,PF4,PS1,True,60
charris,scipy/scipy#2138,False,False,True,False,PF4,PS1,True,60
rgommers,scipy/scipy#2138,False,False,True,False,PF4,PS1,True,60
pv,scipy/scipy#2138,False,False,True,False,PF4,PS1,True,60
WarrenWeckesser,scipy/scipy#2138,False,False,True,False,PF4,PS1,True,60
marijnh,codemirror/codemirror5#,True,False,False,False,PF2,PS1,False,11
charris,numpy/numpy#,True,False,False,False,PF6,PS1,True,61
marijnh,codemirror/codemirror5#,True,False,False,False,PF2,PS1,False,69
